t_ms,state,emg_raw_mV,emg_clean_ecg_mV,emg_ecg_artifact_mV,emg_env_rms,emg_mdf_hz,emg_mnf_hz,emg_pkt_rms_v,emg_snr,fatigue_score,fatigue_conf
0,,0.01161593041886011,0.01161593041886011,0.0,,,,0.11403067063401234,72.0,,
1,,-0.05903334096284444,-0.05903334096284444,0.0,,,,,,,
2,,-0.12136644541084911,-0.12136644541084911,0.0,,,,,,,
3,,-0.10858701457236589,-0.10858701457236589,0.0,,,,,,,
4,,-0.10999847409781031,-0.10999847409781031,0.0,,,,,,,
5,,-0.057049668116273725,-0.057049668116273725,0.0,,,,,,,
6,,-0.015468833447775941,-0.015468833447775941,0.0,,,,,,,
7,,0.05933852140077837,0.05933852140077837,0.0,,,,,,,
8,,0.13025482566567492,0.13025482566567492,0.0,,,,,,,
9,,0.13662546730754566,0.13662546730754566,0.0,,,,,,,
10,,0.1159494926375219,0.1159494926375219,0.0,,,,,,,
11,,0.05663004501411476,0.05663004501411476,0.0,,,,,,,
12,,0.03702220187685956,0.03702220187685956,0.0,,,,,,,
13,,0.03236820019836717,0.03236820019836717,0.0,,,,,,,
14,,-0.014476997024490679,-0.014476997024490679,0.0,,,,,,,
15,,-0.10221637293049515,-0.10221637293049515,0.0,,,,,,,
16,,-0.16821164263370714,-0.16821164263370714,0.0,,,,,,,
17,,0.013485160601205415,0.013485160601205415,0.0,,,,,,,
18,,0.06841763942931271,0.06841763942931271,0.0,,,,,,,
19,,0.06597619592584128,0.06597619592584128,0.0,,,,,,,
20,,0.08005264362554369,0.08005264362554369,0.0,,,,,,,
21,,0.1301403830014497,0.1301403830014497,0.0,,,,,,,
22,,0.13063630121309233,0.13063630121309233,0.0,,,,,,,
23,,0.09874494544899673,0.09874494544899673,0.0,,,,,,,
24,,0.035915922789349075,0.035915922789349075,0.0,,,,,,,
25,,-0.055981536583504986,-0.055981536583504986,0.0,,,,,,,
26,,-0.13624399176012808,-0.13624399176012808,0.0,,,,,,,
27,,-0.1503585870145724,-0.1503585870145724,0.0,,,,,,,
28,,-0.16680018310826272,-0.16680018310826272,0.0,,,,,,,
29,,-0.07600900282291916,-0.07600900282291916,0.0,,,,,,,
30,,-0.05521858548867017,-0.05521858548867017,0.0,,,,,,,
31,,-0.004329747463187594,-0.004329747463187594,0.0,,,,,,,
32,,0.06620508125429174,0.06620508125429174,0.0,,,,,,,
33,,0.1546692607003891,0.1546692607003891,0.0,,,,,,,
34,,0.08943694209201195,0.08943694209201195,0.0,,,,,,,
35,,0.13261997405966286,0.13261997405966286,0.0,,,,,,,
36,,0.05121309224078755,0.05121309224078755,0.0,,,,,,,
37,,0.02119096665903708,0.02119096665903708,0.0,,,,,,,
38,,-0.028057526512550633,-0.028057526512550633,0.0,,,,,,,
39,,0.020237277790493557,0.020237277790493557,0.0,,,,,,,
40,,-0.07890821698329147,-0.07890821698329147,0.0,,,,,,,
41,,-0.09515907530327308,-0.09515907530327308,0.0,,,,,,,
42,,-0.08382925154497604,-0.08382925154497604,0.0,,,,,,,
43,,-0.019321736476691775,-0.019321736476691775,0.0,,,,,,,
44,,0.0961127641718166,0.0961127641718166,0.0,,,,,,,
45,,0.0436980239566646,0.0436980239566646,0.0,,,,,,,
46,,0.0821126115815977,0.0821126115815977,0.0,,,,,,,
47,,0.21017395284962234,0.21017395284962234,0.0,,,,,,,
48,,0.09847791256580456,0.09847791256580456,0.0,,,,,,,
49,,0.04278248264286281,0.04278248264286281,0.0,,,,,,,
50,,-0.04514763103685056,-0.04514763103685056,0.0,,,,,,,
51,,-0.12342641336690312,-0.12342641336690312,0.0,,,,,,,
52,,-0.14642938887617307,-0.14642938887617307,0.0,,,,,,,
53,,-0.14078355077439542,-0.14078355077439542,0.0,,,,,,,
54,,-0.1509308003356985,-0.1509308003356985,0.0,,,,,,,
55,,-0.12712672617685197,-0.12712672617685197,0.0,,,,,,,
56,,-0.0768863965819792,-0.0768863965819792,0.0,,,,,,,
57,,0.024700541695277245,0.024700541695277245,0.0,,,,,,,
58,,0.08737697413595795,0.08737697413595795,0.0,,,,,,,
59,,0.19396124208438226,0.19396124208438226,0.0,,,,,,,
60,,0.08962767986572066,0.08962767986572066,0.0,,,,,,,
61,,0.0726901655603877,0.0726901655603877,0.0,,,,,,,
62,,-0.021381704432745972,-0.021381704432745972,0.0,,,,,,,
63,,0.017643244068055175,0.017643244068055175,0.0,,,,,,,
64,,-0.007801174944686019,-0.007801174944686019,0.0,,,,,,,
65,,-0.09340428778515301,-0.09340428778515301,0.0,,,,,,,
66,,-0.08688105592431532,-0.08688105592431532,0.0,,,,,,,
67,,-0.068226901655604,-0.068226901655604,0.0,,,,,,,
68,,-0.031872281986724725,-0.031872281986724725,0.0,,,,,,,
69,,-0.021915770199130342,-0.021915770199130342,0.0,,,,,,,
70,,0.14765011062790878,0.14765011062790878,0.0,,,,,,,
71,,0.09134431982909899,0.09134431982909899,0.0,,,,,,,
72,,0.0811970702677959,0.0811970702677959,0.0,,,,,,,
73,,0.09729533836881059,0.09729533836881059,0.0,,,,,,,
74,,0.003948271915770185,0.003948271915770185,0.0,,,,,,,
75,,-0.057583733882658104,-0.057583733882658104,0.0,,,,,,,
76,,-0.12544823376821537,-0.12544823376821537,0.0,,,,,,,
77,,-0.12830930037384594,-0.12830930037384594,0.0,,,,,,,
78,,-0.1276989394979781,-0.1276989394979781,0.0,,,,,,,
79,,-0.10248340581368734,-0.10248340581368734,0.0,,,,,,,
80,,-0.0582322423132677,-0.0582322423132677,0.0,,,,,,,
81,,-0.01665140764476991,-0.01665140764476991,0.0,,,,,,,
82,,0.06883726253147185,0.06883726253147185,0.0,,,,,,,
83,,0.15669108110170138,0.15669108110170138,0.0,,,,,,,
84,,0.15062561989776457,0.15062561989776457,0.0,,,,,,,
85,,0.11911573968108657,0.11911573968108657,0.0,,,,,,,
86,,0.046787975890745605,0.046787975890745605,0.0,,,,,,,
87,,0.05579079880979647,0.05579079880979647,0.0,,,,,,,
88,,0.03534370946822296,0.03534370946822296,0.0,,,,,,,
89,,-0.11900129701686116,-0.11900129701686116,0.0,,,,,,,
90,,-0.07639047837033656,-0.07639047837033656,0.0,,,,,,,
91,,-0.12205310139620044,-0.12205310139620044,0.0,,,,,,,
92,,-0.10297932402532999,-0.10297932402532999,0.0,,,,,,,
93,,-0.004634927901121522,-0.004634927901121522,0.0,,,,,,,
94,,0.10500114442664225,0.10500114442664225,0.0,,,,,,,
95,,0.00913633936064695,0.00913633936064695,0.0,,,,,,,
96,,0.11678873884184018,0.11678873884184018,0.0,,,,,,,
97,,0.12125200274662407,0.12125200274662407,0.0,,,,,,,
98,,0.07505531395437563,0.07505531395437563,0.0,,,,,,,
99,,0.05003051804379358,0.05003051804379358,0.0,,,,,,,
100,,-0.09206912336919207,-0.09206912336919207,0.0,,,,0.11444266422522317,99.0,,
101,,-0.0886358434424354,-0.0886358434424354,0.0,,,,,,,
102,,-0.12968261234454861,-0.12968261234454861,0.0,,,,,,,
103,,-0.13345922026398097,-0.13345922026398097,0.0,,,,,,,
104,,-0.147764553292134,-0.147764553292134,0.0,,,,,,,
105,,-0.04713130388342109,-0.04713130388342109,0.0,,,,,,,
106,,-0.09363317311360345,-0.09363317311360345,0.0,,,,,,,
107,,0.019245441367208294,0.019245441367208294,0.0,,,,,,,
108,,0.089284351873045,0.089284351873045,0.0,,,,,,,
109,,0.08394369420920127,0.08394369420920127,0.0,,,,,,,
110,,0.07593270771343567,0.07593270771343567,0.0,,,,,,,
111,,0.044079499504082,0.044079499504082,0.0,,,,,,,
112,,0.11171511406118864,0.11171511406118864,0.0,,,,,,,
113,,0.0016975661860074709,0.0016975661860074709,0.0,,,,,,,
114,,-0.05857557030594337,-0.05857557030594337,0.0,,,,,,,
115,,-0.17832074464026867,-0.17832074464026867,0.0,,,,,,,
116,,-0.08222705424582293,-0.08222705424582293,0.0,,,,,,,
117,,-0.1005760280766003,-0.1005760280766003,0.0,,,,,,,
118,,-0.02676050965133144,-0.02676050965133144,0.0,,,,,,,
119,,0.05594338902876343,0.05594338902876343,0.0,,,,,,,
120,,0.08283741512169077,0.08283741512169077,0.0,,,,,,,
121,,0.10717555504692149,0.10717555504692149,0.0,,,,,,,
122,,0.13883802548256663,0.13883802548256663,0.0,,,,,,,
123,,0.09130617227435726,0.09130617227435726,0.0,,,,,,,
124,,0.042706187533379326,0.042706187533379326,0.0,,,,,,,
125,,-0.01161593041886011,-0.01161593041886011,0.0,,,,,,,
126,,-0.10240711070420387,-0.10240711070420387,0.0,,,,,,,
127,,-0.14333943694209206,-0.14333943694209206,0.0,,,,,,,
128,,-0.14330128938735032,-0.14330128938735032,0.0,,,,,,,
129,,-0.11678873884184018,-0.11678873884184018,0.0,,,,,,,
130,,-0.08791103990234231,-0.08791103990234231,0.0,,,,,,,
131,,-0.009021896696421727,-0.009021896696421727,0.0,,,,,,,
132,,0.08993286030365459,0.08993286030365459,0.0,,,,,,,
133,,0.06456473640039688,0.06456473640039688,0.0,,,,,,,
134,,0.14871824216067753,0.14871824216067753,0.0,,,,,,,
135,,0.15089265278095676,0.15089265278095676,0.0,,,,,,,
136,,0.07188906691081114,0.07188906691081114,0.0,,,,,,,
137,,0.07322423132677205,0.07322423132677205,0.0,,,,,,,
138,,0.041027695124742726,0.041027695124742726,0.0,,,,,,,
139,,-0.0075341420614938315,-0.0075341420614938315,0.0,,,,,,,
140,,-0.042210269321736514,-0.042210269321736514,0.0,,,,,,,
141,,-0.08604180971999702,-0.08604180971999702,0.0,,,,,,,
142,,-0.07116426337071806,-0.07116426337071806,0.0,,,,,,,
143,,-0.004062714579995408,-0.004062714579995408,0.0,,,,,,,
144,,0.07745860990310531,0.07745860990310531,0.0,,,,,,,
145,,0.11442359044785226,0.11442359044785226,0.0,,,,,,,
146,,0.10755703059433888,0.10755703059433888,0.0,,,,,,,
147,,0.18163958190279994,0.18163958190279994,0.0,,,,,,,
148,,0.07402532997634863,0.07402532997634863,0.0,,,,,,,
149,,0.01741435873960473,0.01741435873960473,0.0,,,,,,,
150,,-0.011310749980926182,-0.011310749980926182,0.0,,,,,,,
151,,-0.1336881055924314,-0.1336881055924314,0.0,,,,,,,
152,,-0.12735561150530242,-0.12735561150530242,0.0,,,,,,,
153,,-0.12479972533760579,-0.12479972533760579,0.0,,,,,,,
154,,-0.0892080567635615,-0.0892080567635615,0.0,,,,,,,
155,,-0.07345311665522251,-0.07345311665522251,0.0,,,,,,,
156,,0.06948577096208144,0.06948577096208144,0.0,,,,,,,
157,,0.05209048599984759,0.05209048599984759,0.0,,,,,,,
158,,0.10923552300297548,0.10923552300297548,0.0,,,,,,,
159,,0.11907759212634483,0.11907759212634483,0.0,,,,,,,
160,,0.12785152971694524,0.12785152971694524,0.0,,,,,,,
161,,0.1269741359578852,0.1269741359578852,0.0,,,,,,,
162,,0.05998702983138796,0.05998702983138796,0.0,,,,,,,
163,,-0.05773632410162507,-0.05773632410162507,0.0,,,,,,,
164,,-0.05502784771496146,-0.05502784771496146,0.0,,,,,,,
165,,-0.12708857862211023,-0.12708857862211023,0.0,,,,,,,
166,,-0.08085374227512024,-0.08085374227512024,0.0,,,,,,,
167,,0.005893797207598972,0.005893797207598972,0.0,,,,,,,
168,,0.05907148851758618,0.05907148851758618,0.0,,,,,,,
169,,0.0278286411841,0.0278286411841,0.0,,,,,,,
170,,0.10641260395208667,0.10641260395208667,0.0,,,,,,,
171,,0.03564888990615689,0.03564888990615689,0.0,,,,,,,
172,,0.09798199435416192,0.09798199435416192,0.0,,,,,,,
173,,0.03648813611047519,0.03648813611047519,0.0,,,,,,,
174,,-0.02889677271686893,-0.02889677271686893,0.0,,,,,,,
175,,-0.06124589913786541,-0.06124589913786541,0.0,,,,,,,
176,,-0.10595483329518578,-0.10595483329518578,0.0,,,,,,,
177,,-0.14986266880292975,-0.14986266880292975,0.0,,,,,,,
178,,-0.16195544365606163,-0.16195544365606163,0.0,,,,,,,
179,,-0.09660868238345925,-0.09660868238345925,0.0,,,,,,,
180,,-0.1052300297550927,-0.1052300297550927,0.0,,,,,,,
181,,-0.09092469672693985,-0.09092469672693985,0.0,,,,,,,
182,,-0.014476997024490679,-0.014476997024490679,0.0,,,,,,,
183,,0.15966659037155717,0.15966659037155717,0.0,,,,,,,
184,,0.2537003128099487,0.2537003128099487,0.0,,,,,,,
185,,0.13792248416876485,0.13792248416876485,0.0,,,,,,,
186,,0.08657587548638138,0.08657587548638138,0.0,,,,,,,
187,,0.0655184252689404,0.0655184252689404,0.0,,,,,,,
188,,-0.018139162279697807,-0.018139162279697807,0.0,,,,,,,
189,,-0.05113679713130389,-0.05113679713130389,0.0,,,,,,,
190,,-0.09264133669031818,-0.09264133669031818,0.0,,,,,,,
191,,-0.054646372167544054,-0.054646372167544054,0.0,,,,,,,
192,,-0.01573586633096813,-0.01573586633096813,0.0,,,,,,,
193,,-0.0705539024948502,-0.0705539024948502,0.0,,,,,,,
194,,-0.0235561150530252,-0.0235561150530252,0.0,,,,,,,
195,,0.09294651712825211,0.09294651712825211,0.0,,,,,,,
196,,0.11957351033798747,0.11957351033798747,0.0,,,,,,,
197,,0.09653238727397577,0.09653238727397577,0.0,,,,,,,
198,,0.03271152819104284,0.03271152819104284,0.0,,,,,,,
199,,-0.05186160067139697,-0.05186160067139697,0.0,,,,,,,
200,,-0.03160524910353253,-0.03160524910353253,0.0,,,,0.12968642710002287,62.0,,
201,,-0.1717212176699473,-0.1717212176699473,0.0,,,,,,,
202,,-0.17156862745098034,-0.17156862745098034,0.0,,,,,,,
203,,-0.1521515220874342,-0.1521515220874342,0.0,,,,,,,
204,,-0.12174792095826652,-0.12174792095826652,0.0,,,,,,,
205,,-0.11182955672541388,-0.11182955672541388,0.0,,,,,,,
206,,0.02611200122072166,0.02611200122072166,0.0,,,,,,,
207,,-0.03969253070878161,-0.03969253070878161,0.0,,,,,,,
208,,0.08207446402685596,0.08207446402685596,0.0,,,,,,,
209,,0.1626802471961547,0.1626802471961547,0.0,,,,,,,
210,,0.188696879530022,0.188696879530022,0.0,,,,,,,
211,,0.06639581902800044,0.06639581902800044,0.0,,,,,,,
212,,0.037136644541084785,0.037136644541084785,0.0,,,,,,,
213,,-0.019321736476691775,-0.019321736476691775,0.0,,,,,,,
214,,-0.03973067826352335,-0.03973067826352335,0.0,,,,,,,
215,,-0.04694056610971239,-0.04694056610971239,0.0,,,,,,,
216,,-0.10484855420767529,-0.10484855420767529,0.0,,,,,,,
217,,-0.09817273212787063,-0.09817273212787063,0.0,,,,,,,
218,,0.03194857709620802,0.03194857709620802,0.0,,,,,,,
219,,-0.05514229037918668,-0.05514229037918668,0.0,,,,,,,
220,,0.07837415121690708,0.07837415121690708,0.0,,,,,,,
221,,0.09855420767528804,0.09855420767528804,0.0,,,,,,,
222,,0.10805294880598153,0.10805294880598153,0.0,,,,,,,
223,,0.08829251544975973,0.08829251544975973,0.0,,,,,,,
224,,0.14269092851148246,0.14269092851148246,0.0,,,,,,,
225,,-0.02176317998016338,-0.02176317998016338,0.0,,,,,,,
226,,-0.1211757076371404,-0.1211757076371404,0.0,,,,,,,
227,,-0.17034790569924463,-0.17034790569924463,0.0,,,,,,,
228,,-0.09737163347829407,-0.09737163347829407,0.0,,,,,,,
229,,-0.12376974135957879,-0.12376974135957879,0.0,,,,,,,
230,,0.004520485236896299,0.004520485236896299,0.0,,,,,,,
231,,-0.02599755855649662,-0.02599755855649662,0.0,,,,,,,
232,,0.10969329365987639,0.10969329365987639,0.0,,,,,,,
233,,0.18827725642786286,0.18827725642786286,0.0,,,,,,,
234,,0.1767566948958571,0.1767566948958571,0.0,,,,,,,
235,,0.2035362783245594,0.2035362783245594,0.0,,,,,,,
236,,0.10641260395208667,0.10641260395208667,0.0,,,,,,,
237,,0.05361638818951723,0.05361638818951723,0.0,,,,,,,
238,,-0.017566948958571693,-0.017566948958571693,0.0,,,,,,,
239,,-0.04594872968642712,-0.04594872968642712,0.0,,,,,,,
240,,-0.05693522545204851,-0.05693522545204851,0.0,,,,,,,
241,,-0.1087777523460746,-0.1087777523460746,0.0,,,,,,,
242,,-0.1094262607766842,-0.1094262607766842,0.0,,,,,,,
243,,0.007228961623559904,0.007228961623559904,0.0,,,,,,,
244,,0.08623254749370572,0.08623254749370572,0.0,,,,,,,
245,,0.07619974059662786,0.07619974059662786,0.0,,,,,,,
246,,0.16443503471427479,0.16443503471427479,0.0,,,,,,,
247,,0.09084840161745637,0.09084840161745637,0.0,,,,,,,
248,,0.0244716563668268,0.0244716563668268,0.0,,,,,,,
249,,-0.0038719768062867033,-0.0038719768062867033,0.0,,,,,,,
250,,-0.027447165636682775,-0.027447165636682775,0.0,,,,,,,
251,,-0.13315403982604704,-0.13315403982604704,0.0,,,,,,,
252,,-0.1804951552605479,-0.1804951552605479,0.0,,,,,,,
253,,-0.1873235675593195,-0.1873235675593195,0.0,,,,,,,
254,,-0.1539063096055543,-0.1539063096055543,0.0,,,,,,,
255,,-0.12388418402380401,-0.12388418402380401,0.0,,,,,,,
256,,-0.08478294041351957,-0.08478294041351957,0.0,,,,,,,
257,,0.06879911497673011,0.06879911497673011,0.0,,,,,,,
258,,0.08718623636224924,0.08718623636224924,0.0,,,,,,,
259,,0.13998245212481886,0.13998245212481886,0.0,,,,,,,
260,,0.09710460059510187,0.09710460059510187,0.0,,,,,,,
261,,0.10366598001068132,0.10366598001068132,0.0,,,,,,,
262,,0.05270084687571545,0.05270084687571545,0.0,,,,,,,
263,,-0.03740367742427716,-0.03740367742427716,0.0,,,,,,,
264,,-0.10397116044861525,-0.10397116044861525,0.0,,,,,,,
265,,-0.11938277256427857,-0.11938277256427857,0.0,,,,,,,
266,,-0.11999313344014642,-0.11999313344014642,0.0,,,,,,,
267,,-0.0095559624628061,-0.0095559624628061,0.0,,,,,,,
268,,-0.07547493705653477,-0.07547493705653477,0.0,,,,,,,
269,,0.03397039749752029,0.03397039749752029,0.0,,,,,,,
270,,0.09313725490196083,0.09313725490196083,0.0,,,,,,,
271,,0.026646066987106032,0.026646066987106032,0.0,,,,,,,
272,,0.05788891432059221,0.05788891432059221,0.0,,,,,,,
273,,0.09081025406271463,0.09081025406271463,0.0,,,,,,,
274,,-0.03866254673075461,-0.03866254673075461,0.0,,,,,,,
275,,-0.0644884412909134,-0.0644884412909134,0.0,,,,,,,
276,,-0.14242389562829028,-0.14242389562829028,0.0,,,,,,,
277,,-0.2081139848935683,-0.2081139848935683,0.0,,,,,,,
278,,-0.21700236514839397,-0.21700236514839397,0.0,,,,,,,
279,,-0.1499008163576715,-0.1499008163576715,0.0,,,,,,,
280,,-0.01981765468833459,-0.01981765468833459,0.0,,,,,,,
281,,-0.020199130235752,-0.020199130235752,0.0,,,,,,,
282,,0.14902342259861145,0.14902342259861145,0.0,,,,,,,
283,,0.07394903486686513,0.07394903486686513,0.0,,,,,,,
284,,0.16573205157549398,0.16573205157549398,0.0,,,,,,,
285,,0.21025024795910582,0.21025024795910582,0.0,,,,,,,
286,,0.1870183871213854,0.1870183871213854,0.0,,,,,,,
287,,0.021915770199130158,0.021915770199130158,0.0,,,,,,,
288,,-0.010547798886091364,-0.010547798886091364,0.0,,,,,,,
289,,-0.06883726253147185,-0.06883726253147185,0.0,,,,,,,
290,,-0.1327344167238879,-0.1327344167238879,0.0,,,,,,,
291,,-0.11240177004653998,-0.11240177004653998,0.0,,,,,,,
292,,-0.08348592355230036,-0.08348592355230036,0.0,,,,,,,
293,,-0.01161593041886011,-0.01161593041886011,0.0,,,,,,,
294,,0.004329747463187594,0.004329747463187594,0.0,,,,,,,
295,,0.03309300373846025,0.03309300373846025,0.0,,,,,,,
296,,0.14429312581063558,0.14429312581063558,0.0,,,,,,,
297,,0.10957885099565116,0.10957885099565116,0.0,,,,,,,
298,,0.07459754329747474,0.07459754329747474,0.0,,,,,,,
299,,-0.03305485618371869,-0.03305485618371869,0.0,,,,,,,
300,,0.00207904173342488,0.00207904173342488,0.0,,,,0.14126802471961547,90.0,,
301,,-0.05182345311665522,-0.05182345311665522,0.0,,,,,,,
302,,-0.13277256427862966,-0.13277256427862966,0.0,,,,,,,
303,,-0.17523079270618747,-0.17523079270618747,0.0,,,,,,,
304,,-0.1027122911421378,-0.1027122911421378,0.0,,,,,,,
305,,-0.09351873044937824,-0.09351873044937824,0.0,,,,,,,
306,,-0.1253719386587319,-0.1253719386587319,0.0,,,,,,,
307,,0.08199816891737248,0.08199816891737248,0.0,,,,,,,
308,,0.1427290760662242,0.1427290760662242,0.0,,,,,,,
309,,0.13754100862134744,0.13754100862134744,0.0,,,,,,,
310,,0.1045815213244831,0.1045815213244831,0.0,,,,,,,
311,,0.12506675822079816,0.12506675822079816,0.0,,,,,,,
312,,0.02569237811856251,0.02569237811856251,0.0,,,,,,,
313,,-0.008220798046845168,-0.008220798046845168,0.0,,,,,,,
314,,-0.11476691844052793,-0.11476691844052793,0.0,,,,,,,
315,,-0.060025177386129704,-0.060025177386129704,0.0,,,,,,,
316,,-0.0631914244296942,-0.0631914244296942,0.0,,,,,,,
317,,-0.06963836118104842,-0.06963836118104842,0.0,,,,,,,
318,,-0.021992065308613824,-0.021992065308613824,0.0,,,,,,,
319,,0.055981536583505166,0.055981536583505166,0.0,,,,,,,
320,,0.08291371023117426,0.08291371023117426,0.0,,,,,,,
321,,0.18972686350804902,0.18972686350804902,0.0,,,,,,,
322,,0.12144274052033277,0.12144274052033277,0.0,,,,,,,
323,,0.09393835355153737,0.09393835355153737,0.0,,,,,,,
324,,0.09706645304036013,0.09706645304036013,0.0,,,,,,,
325,,-0.05952925917448707,-0.05952925917448707,0.0,,,,,,,
326,,-0.107099259937438,-0.107099259937438,0.0,,,,,,,
327,,-0.1771381704432747,-0.1771381704432747,0.0,,,,,,,
328,,-0.1868276493476769,-0.1868276493476769,0.0,,,,,,,
329,,-0.14688715953307396,-0.14688715953307396,0.0,,,,,,,
330,,-0.09161135271229119,-0.09161135271229119,0.0,,,,,,,
331,,-0.04846646829938202,-0.04846646829938202,0.0,,,,,,,
332,,0.09256504158083471,0.09256504158083471,0.0,,,,,,,
333,,0.15772106507972838,0.15772106507972838,0.0,,,,,,,
334,,0.22207598992904548,0.22207598992904548,0.0,,,,,,,
335,,0.1146524757763027,0.1146524757763027,0.0,,,,,,,
336,,0.11247806515602347,0.11247806515602347,0.0,,,,,,,
337,,0.07345311665522251,0.07345311665522251,0.0,,,,,,,
338,,0.027065690089265182,0.027065690089265182,0.0,,,,,,,
339,,-0.10088120851453422,-0.10088120851453422,0.0,,,,,,,
340,,-0.11171511406118864,-0.11171511406118864,0.0,,,,,,,
341,,-0.11964980544747075,-0.11964980544747075,0.0,,,,,,,
342,,-0.010242618448157437,-0.010242618448157437,0.0,,,,,,,
343,,0.012722209506370596,0.012722209506370596,0.0,,,,,,,
344,,0.04243915465018715,0.04243915465018715,0.0,,,,,,,
345,,0.11705577172503238,0.11705577172503238,0.0,,,,,,,
346,,0.18957427328908205,0.18957427328908205,0.0,,,,,,,
347,,0.1069085221637293,0.1069085221637293,0.0,,,,,,,
348,,0.08943694209201195,0.08943694209201195,0.0,,,,,,,
349,,-0.002536812390325771,-0.002536812390325771,0.0,,,,,,,
350,,-0.05876630807965225,-0.05876630807965225,0.0,,,,,,,
351,,-0.1522278171969177,-0.1522278171969177,0.0,,,,,,,
352,,-0.1582932784008545,-0.1582932784008545,0.0,,,,,,,
353,,-0.2287899595635919,-0.2287899595635919,0.0,,,,,,,
354,,-0.19007019150072488,-0.19007019150072488,0.0,,,,,,,
355,,-0.05365453574425879,-0.05365453574425879,0.0,,,,,,,
356,,0.01749065384908821,0.01749065384908821,0.0,,,,,,,
357,,0.061284046692607154,0.061284046692607154,0.0,,,,,,,
358,,0.176184481574731,0.176184481574731,0.0,,,,,,,
359,,0.21196688792248417,0.21196688792248417,0.0,,,,,,,
360,,0.17214084077210645,0.17214084077210645,0.0,,,,,,,
361,,0.147764553292134,0.147764553292134,0.0,,,,,,,
362,,0.06857022964827968,0.06857022964827968,0.0,,,,,,,
363,,-0.0013160906385900617,-0.0013160906385900617,0.0,,,,,,,
364,,-0.06445029373617166,-0.06445029373617166,0.0,,,,,,,
365,,-0.07753490501258879,-0.07753490501258879,0.0,,,,,,,
366,,-0.13437476157778275,-0.13437476157778275,0.0,,,,,,,
367,,-0.015049210345616792,-0.015049210345616792,0.0,,,,,,,
368,,-0.03328374151216914,-0.03328374151216914,0.0,,,,,,,
369,,0.08901731898985281,0.08901731898985281,0.0,,,,,,,
370,,0.11438544289311052,0.11438544289311052,0.0,,,,,,,
371,,0.1603532463569085,0.1603532463569085,0.0,,,,,,,
372,,0.1511978332188907,0.1511978332188907,0.0,,,,,,,
373,,0.08310444800488295,0.08310444800488295,0.0,,,,,,,
374,,0.07658121614404527,0.07658121614404527,0.0,,,,,,,
375,,-0.06006332494087145,-0.06006332494087145,0.0,,,,,,,
376,,-0.16050583657587547,-0.16050583657587547,0.0,,,,,,,
377,,-0.18766689555199517,-0.18766689555199517,0.0,,,,,,,
378,,-0.27777141985198744,-0.27777141985198744,0.0,,,,,,,
379,,-0.13651102464332027,-0.13651102464332027,0.0,,,,,,,
380,,-0.025654230563820955,-0.025654230563820955,0.0,,,,,,,
381,,0.048046845197223055,0.048046845197223055,0.0,,,,,,,
382,,0.04461356527046637,0.04461356527046637,0.0,,,,,,,
383,,0.17130159456778815,0.17130159456778815,0.0,,,,,,,
384,,0.20250629434653242,0.20250629434653242,0.0,,,,,,,
385,,0.13757915617608918,0.13757915617608918,0.0,,,,,,,
386,,0.06395437552452903,0.06395437552452903,0.0,,,,,,,
387,,0.050946059357595365,0.050946059357595365,0.0,,,,,,,
388,,0.012111848630502742,0.012111848630502742,0.0,,,,,,,
389,,-0.09317540245670257,-0.09317540245670257,0.0,,,,,,,
390,,-0.09447241931792176,-0.09447241931792176,0.0,,,,,,,
391,,-0.17931258106355394,-0.17931258106355394,0.0,,,,,,,
392,,-0.11537727931639578,-0.11537727931639578,0.0,,,,,,,
393,,-0.05769817654688332,-0.05769817654688332,0.0,,,,,,,
394,,0.03572518501564037,0.03572518501564037,0.0,,,,,,,
395,,0.11461432822156095,0.11461432822156095,0.0,,,,,,,
396,,0.14787899595635923,0.14787899595635923,0.0,,,,,,,
397,,0.14597161821927218,0.14597161821927218,0.0,,,,,,,
398,,0.09363317311360345,0.09363317311360345,0.0,,,,,,,
399,,-0.0027656977187762166,-0.0027656977187762166,0.0,,,,,,,
400,,-0.04282063019760437,-0.04282063019760437,0.0,,,,0.15289539940489816,65.0,,
401,,-0.10927367055771724,-0.10927367055771724,0.0,,,,,,,
402,,-0.12663080796520937,-0.12663080796520937,0.0,,,,,,,
403,,-0.2480926222629128,-0.2480926222629128,0.0,,,,,,,
404,,-0.16508354314488438,-0.16508354314488438,0.0,,,,,,,
405,,-0.11377508201724267,-0.11377508201724267,0.0,,,,,,,
406,,-0.0003242542153047978,-0.0003242542153047978,0.0,,,,,,,
407,,0.11415655756466007,0.11415655756466007,0.0,,,,,,,
408,,0.12159533073929973,0.12159533073929973,0.0,,,,,,,
409,,0.17969405661097115,0.17969405661097115,0.0,,,,,,,
410,,0.13406958113984901,0.13406958113984901,0.0,,,,,,,
411,,0.12769893949797828,0.12769893949797828,0.0,,,,,,,
412,,0.15169375143053332,0.15169375143053332,0.0,,,,,,,
413,,-0.05331120775158312,-0.05331120775158312,0.0,,,,,,,
414,,-0.11793316548409243,-0.11793316548409243,0.0,,,,,,,
415,,-0.13029297322041647,-0.13029297322041647,0.0,,,,,,,
416,,-0.08299000534065774,-0.08299000534065774,0.0,,,,,,,
417,,-0.08352407110704212,-0.08352407110704212,0.0,,,,,,,
418,,-0.011997405966277519,-0.011997405966277519,0.0,,,,,,,
419,,0.06357289997711162,0.06357289997711162,0.0,,,,,,,
420,,0.08997100785839633,0.08997100785839633,0.0,,,,,,,
421,,0.1870183871213854,0.1870183871213854,0.0,,,,,,,
422,,0.12430380712596335,0.12430380712596335,0.0,,,,,,,
423,,0.107099259937438,0.107099259937438,0.0,,,,,,,
424,,0.030956740672922756,0.030956740672922756,0.0,,,,,,,
425,,-0.050183108262760366,-0.050183108262760366,0.0,,,,,,,
426,,-0.1289196612497138,-0.1289196612497138,0.0,,,,,,,
427,,-0.16111619745174333,-0.16111619745174333,0.0,,,,,,,
428,,-0.20006485084306097,-0.20006485084306097,0.0,,,,,,,
429,,-0.15386816205081255,-0.15386816205081255,0.0,,,,,,,
430,,-0.06155107957579934,-0.06155107957579934,0.0,,,,,,,
431,,-0.004482337682154558,-0.004482337682154558,0.0,,,,,,,
432,,0.08329518577859167,0.08329518577859167,0.0,,,,,,,
433,,0.1983863584344244,0.1983863584344244,0.0,,,,,,,
434,,0.11438544289311052,0.11438544289311052,0.0,,,,,,,
435,,0.16191729610131989,0.16191729610131989,0.0,,,,,,,
436,,0.09657053482871751,0.09657053482871751,0.0,,,,,,,
437,,0.011158159761959219,0.011158159761959219,0.0,,,,,,,
438,,0.019321736476691775,0.019321736476691775,0.0,,,,,,,
439,,-0.0978675516899367,-0.0978675516899367,0.0,,,,,,,
440,,-0.15650034332799267,-0.15650034332799267,0.0,,,,,,,
441,,0.003070878156710144,0.003070878156710144,0.0,,,,,,,
442,,-0.023250934615091274,-0.023250934615091274,0.0,,,,,,,
443,,0.0533112077515833,0.0533112077515833,0.0,,,,,,,
444,,0.0638399328603038,0.0638399328603038,0.0,,,,,,,
445,,0.11957351033798747,0.11957351033798747,0.0,,,,,,,
446,,0.20120927748531323,0.20120927748531323,0.0,,,,,,,
447,,0.07673380636301222,0.07673380636301222,0.0,,,,,,,
448,,0.05720225833524088,0.05720225833524088,0.0,,,,,,,
449,,-0.01916914625772481,-0.01916914625772481,0.0,,,,,,,
450,,-0.05029755092698559,-0.05029755092698559,0.0,,,,,,,
451,,-0.15588998245212482,-0.15588998245212482,0.0,,,,,,,
452,,-0.2316128786144807,-0.2316128786144807,0.0,,,,,,,
453,,-0.2006370641641871,-0.2006370641641871,0.0,,,,,,,
454,,-0.12232013427939263,-0.12232013427939263,0.0,,,,,,,
455,,-0.15058747234302283,-0.15058747234302283,0.0,,,,,,,
456,,0.027485313191424332,0.027485313191424332,0.0,,,,,,,
457,,0.04751277943083869,0.04751277943083869,0.0,,,,,,,
458,,0.21334019989318684,0.21334019989318684,0.0,,,,,,,
459,,0.16412985427634086,0.16412985427634086,0.0,,,,,,,
460,,0.18572137026016622,0.18572137026016622,0.0,,,,,,,
461,,0.12388418402380419,0.12388418402380419,0.0,,,,,,,
462,,0.10099565117875946,0.10099565117875946,0.0,,,,,,,
463,,0.005703059433890267,0.005703059433890267,0.0,,,,,,,
464,,-0.07677195391775396,-0.07677195391775396,0.0,,,,,,,
465,,-0.08802548256656754,-0.08802548256656754,0.0,,,,,,,
466,,-0.07696269169146268,-0.07696269169146268,0.0,,,,,,,
467,,-0.1119439993896391,-0.1119439993896391,0.0,,,,,,,
468,,-0.04633020523384453,-0.04633020523384453,0.0,,,,,,,
469,,0.021457999542229267,0.021457999542229267,0.0,,,,,,,
470,,0.10053788052185857,0.10053788052185857,0.0,,,,,,,
471,,0.1087777523460746,0.1087777523460746,0.0,,,,,,,
472,,0.21578164339665826,0.21578164339665826,0.0,,,,,,,
473,,0.10179674982833602,0.10179674982833602,0.0,,,,,,,
474,,0.0278286411841,0.0278286411841,0.0,,,,,,,
475,,-0.1020637827115282,-0.1020637827115282,0.0,,,,,,,
476,,-0.18606469825284208,-0.18606469825284208,0.0,,,,,,,
477,,-0.18808651865415432,-0.18808651865415432,0.0,,,,,,,
478,,-0.1220149538414587,-0.1220149538414587,0.0,,,,,,,
479,,-0.11945906767376206,-0.11945906767376206,0.0,,,,,,,
480,,-0.07471198596169996,-0.07471198596169996,0.0,,,,,,,
481,,0.0320248722056915,0.0320248722056915,0.0,,,,,,,
482,,0.09973678187228201,0.09973678187228201,0.0,,,,,,,
483,,0.2387464713511863,0.2387464713511863,0.0,,,,,,,
484,,0.2245174334325169,0.2245174334325169,0.0,,,,,,,
485,,0.2584306095979246,0.2584306095979246,0.0,,,,,,,
486,,0.19163424124513606,0.19163424124513606,0.0,,,,,,,
487,,0.0627336537727933,0.0627336537727933,0.0,,,,,,,
488,,-0.04629205767910279,-0.04629205767910279,0.0,,,,,,,
489,,-0.05045014114595255,-0.05045014114595255,0.0,,,,,,,
490,,-0.14726863508049137,-0.14726863508049137,0.0,,,,,,,
491,,-0.18167772945754185,-0.18167772945754185,0.0,,,,,,,
492,,-0.12376974135957879,-0.12376974135957879,0.0,,,,,,,
493,,-0.0548752574959945,-0.0548752574959945,0.0,,,,,,,
494,,0.07753490501258879,0.07753490501258879,0.0,,,,,,,
495,,0.13132295719844367,0.13132295719844367,0.0,,,,,,,
496,,0.15417334248874648,0.15417334248874648,0.0,,,,,,,
497,,0.21849011978332186,0.21849011978332186,0.0,,,,,,,
498,,0.09302281223773559,0.09302281223773559,0.0,,,,,,,
499,,0.08749141680018317,0.08749141680018317,0.0,,,,,,,
500,,-0.0315671015487908,-0.0315671015487908,0.0,,,,0.16598764019226367,73.0,,
501,,-0.12106126497291518,-0.12106126497291518,0.0,,,,,,,
502,,-0.17900740062562,-0.17900740062562,0.0,,,,,,,
503,,-0.12319752803845266,-0.12319752803845266,0.0,,,,,,,
504,,-0.17183566033417252,-0.17183566033417252,0.0,,,,,,,
505,,-0.13906691081101707,-0.13906691081101707,0.0,,,,,,,
506,,-0.007724879835202537,-0.007724879835202537,0.0,,,,,,,
507,,0.13818951705195703,0.13818951705195703,0.0,,,,,,,
508,,0.11427100022888528,0.11427100022888528,0.0,,,,,,,
509,,0.19865339131761658,0.19865339131761658,0.0,,,,,,,
510,,0.23992904554818023,0.23992904554818023,0.0,,,,,,,
511,,0.18591210803387492,0.18591210803387492,0.0,,,,,,,
512,,0.08924620431830325,0.08924620431830325,0.0,,,,,,,
513,,0.07990005340657672,0.07990005340657672,0.0,,,,,,,
514,,-0.08344777599755862,-0.08344777599755862,0.0,,,,,,,
515,,-0.1278133821622033,-0.1278133821622033,0.0,,,,,,,
516,,-0.19190127412832841,-0.19190127412832841,0.0,,,,,,,
517,,-0.0594529640650036,-0.0594529640650036,0.0,,,,,,,
518,,0.032597085526817615,0.032597085526817615,0.0,,,,,,,
519,,0.057125963225757394,0.057125963225757394,0.0,,,,,,,
520,,0.1264019226367591,0.1264019226367591,0.0,,,,,,,
521,,0.19090943770504298,0.19090943770504298,0.0,,,,,,,
522,,0.18362325474937047,0.18362325474937047,0.0,,,,,,,
523,,0.10225452048523691,0.10225452048523691,0.0,,,,,,,
524,,0.015468833447775941,0.015468833447775941,0.0,,,,,,,
525,,-0.06574731059739085,-0.06574731059739085,0.0,,,,,,,
526,,-0.23405432211795213,-0.23405432211795213,0.0,,,,,,,
527,,-0.20510032806897077,-0.20510032806897077,0.0,,,,,,,
528,,-0.15352483405813688,-0.15352483405813688,0.0,,,,,,,
529,,-0.11743724727244978,-0.11743724727244978,0.0,,,,,,,
530,,-0.1872854200045778,-0.1872854200045778,0.0,,,,,,,
531,,-0.01863508049134044,-0.01863508049134044,0.0,,,,,,,
532,,0.068226901655604,0.068226901655604,0.0,,,,,,,
533,,0.11964980544747095,0.11964980544747095,0.0,,,,,,,
534,,0.21982528419928277,0.21982528419928277,0.0,,,,,,,
535,,0.14848935683222708,0.14848935683222708,0.0,,,,,,,
536,,0.13418402380407424,0.13418402380407424,0.0,,,,,,,
537,,0.06036850537880538,0.06036850537880538,0.0,,,,,,,
538,,-0.06170366979476631,-0.06170366979476631,0.0,,,,,,,
539,,-0.08012893873502717,-0.08012893873502717,0.0,,,,,,,
540,,-0.1242656595712214,-0.1242656595712214,0.0,,,,,,,
541,,-0.09298466468299385,-0.09298466468299385,0.0,,,,,,,
542,,-0.09340428778515301,-0.09340428778515301,0.0,,,,,,,
543,,0.020199130235751817,0.020199130235751817,0.0,,,,,,,
544,,0.06521324483100648,0.06521324483100648,0.0,,,,,,,
545,,0.12205310139620063,0.12205310139620063,0.0,,,,,,,
546,,0.15463111314564737,0.15463111314564737,0.0,,,,,,,
547,,0.06837949187457097,0.06837949187457097,0.0,,,,,,,
548,,0.1622987716487373,0.1622987716487373,0.0,,,,,,,
549,,0.07963302052338453,0.07963302052338453,0.0,,,,,,,
550,,-0.09309910734721909,-0.09309910734721909,0.0,,,,,,,
551,,-0.23779278248264277,-0.23779278248264277,0.0,,,,,,,
552,,-0.21509498741130692,-0.21509498741130692,0.0,,,,,,,
553,,-0.17763408865491734,-0.17763408865491734,0.0,,,,,,,
554,,-0.29394598306248576,-0.29394598306248576,0.0,,,,,,,
555,,-0.014324406805523715,-0.014324406805523715,0.0,,,,,,,
556,,-0.04278248264286263,-0.04278248264286263,0.0,,,,,,,
557,,0.06433585107194642,0.06433585107194642,0.0,,,,,,,
558,,0.1297589074540323,0.1297589074540323,0.0,,,,,,,
559,,0.2098687724116884,0.2098687724116884,0.0,,,,,,,
560,,0.2068169680323491,0.2068169680323491,0.0,,,,,,,
561,,0.14761196307316704,0.14761196307316704,0.0,,,,,,,
562,,0.08455405508506912,0.08455405508506912,0.0,,,,,,,
563,,-0.04240100709544522,-0.04240100709544522,0.0,,,,,,,
564,,-0.055447470817120606,-0.055447470817120606,0.0,,,,,,,
565,,-0.13460364690623322,-0.13460364690623322,0.0,,,,,,,
566,,-0.12815671015487898,-0.12815671015487898,0.0,,,,,,,
567,,-0.03908216983291375,-0.03908216983291375,0.0,,,,,,,
568,,-0.00909819180590521,-0.00909819180590521,0.0,,,,,,,
569,,0.0846303501945526,0.0846303501945526,0.0,,,,,,,
570,,0.1893453879606316,0.1893453879606316,0.0,,,,,,,
571,,0.11881055924315265,0.11881055924315265,0.0,,,,,,,
572,,0.15604257267109178,0.15604257267109178,0.0,,,,,,,
573,,0.03652628366521693,0.03652628366521693,0.0,,,,,,,
574,,0.09512092774853136,0.09512092774853136,0.0,,,,,,,
575,,-0.12197680628671696,-0.12197680628671696,0.0,,,,,,,
576,,-0.2105935759517815,-0.2105935759517815,0.0,,,,,,,
577,,-0.21761272602426182,-0.21761272602426182,0.0,,,,,,,
578,,-0.14330128938735032,-0.14330128938735032,0.0,,,,,,,
579,,-0.14780270084687575,-0.14780270084687575,0.0,,,,,,,
580,,-0.15722514686808575,-0.15722514686808575,0.0,,,,,,,
581,,0.02122911421377882,0.02122911421377882,0.0,,,,,,,
582,,0.07402532997634863,0.07402532997634863,0.0,,,,,,,
583,,0.13952468146791797,0.13952468146791797,0.0,,,,,,,
584,,0.2858968490119784,0.2858968490119784,0.0,,,,,,,
585,,0.21524757763027388,0.21524757763027388,0.0,,,,,,,
586,,0.16748683909361406,0.16748683909361406,0.0,,,,,,,
587,,0.09008545052262154,0.09008545052262154,0.0,,,,,,,
588,,-0.04617761501487757,-0.04617761501487757,0.0,,,,,,,
589,,-0.07051575494010846,-0.07051575494010846,0.0,,,,,,,
590,,-0.1456282902265965,-0.1456282902265965,0.0,,,,,,,
591,,-0.24656672007324315,-0.24656672007324315,0.0,,,,,,,
592,,-0.10145342183566035,-0.10145342183566035,0.0,,,,,,,
593,,0.028019378957808705,0.028019378957808705,0.0,,,,,,,
594,,0.03057526512550535,0.03057526512550535,0.0,,,,,,,
595,,0.16069657434958418,0.16069657434958418,0.0,,,,,,,
596,,0.12960631723506533,0.12960631723506533,0.0,,,,,,,
597,,0.16031509880216677,0.16031509880216677,0.0,,,,,,,
598,,0.11621652552071407,0.11621652552071407,0.0,,,,,,,
599,,0.05083161669337015,0.05083161669337015,0.0,,,,,,,
600,,-0.02061875333791115,-0.02061875333791115,0.0,,,,0.1662623025864042,99.0,,
601,,-0.16466392004272523,-0.16466392004272523,0.0,,,,,,,
602,,-0.17355230029755087,-0.17355230029755087,0.0,,,,,,,
603,,-0.11491950865949488,-0.11491950865949488,0.0,,,,,,,
604,,-0.12319752803845266,-0.12319752803845266,0.0,,,,,,,
605,,-0.09763866636148626,-0.09763866636148626,0.0,,,,,,,
606,,0.010929274433508773,0.010929274433508773,0.0,,,,,,,
607,,0.10473411154345005,0.10473411154345005,0.0,,,,,,,
608,,0.18453879606317225,0.18453879606317225,0.0,,,,,,,
609,,0.20563439383535517,0.20563439383535517,0.0,,,,,,,
610,,0.1995307850766766,0.1995307850766766,0.0,,,,,,,
611,,0.14017318989852756,0.14017318989852756,0.0,,,,,,,
612,,0.045300221255817716,0.045300221255817716,0.0,,,,,,,
613,,0.017757686732280398,0.017757686732280398,0.0,,,,,,,
614,,-0.05075532158388648,-0.05075532158388648,0.0,,,,,,,
615,,-0.180037384603647,-0.180037384603647,0.0,,,,,,,
616,,-0.16710536354619665,-0.16710536354619665,0.0,,,,,,,
617,,-0.06673914702067611,-0.06673914702067611,0.0,,,,,,,
618,,-0.056286717021438906,-0.056286717021438906,0.0,,,,,,,
619,,0.05495155260547816,0.05495155260547816,0.0,,,,,,,
620,,0.11934462500953702,0.11934462500953702,0.0,,,,,,,
621,,0.17431525139238568,0.17431525139238568,0.0,,,,,,,
622,,0.1381513694972153,0.1381513694972153,0.0,,,,,,,
623,,0.21196688792248417,0.21196688792248417,0.0,,,,,,,
624,,0.06315327687495247,0.06315327687495247,0.0,,,,,,,
625,,-0.028591592278935003,-0.028591592278935003,0.0,,,,,,,
626,,-0.2006370641641871,-0.2006370641641871,0.0,,,,,,,
627,,-0.25911726558327614,-0.25911726558327614,0.0,,,,,,,
628,,-0.20754177157244222,-0.20754177157244222,0.0,,,,,,,
629,,-0.15085450522621502,-0.15085450522621502,0.0,,,,,,,
630,,-0.11083772030212861,-0.11083772030212861,0.0,,,,,,,
631,,0.02199206530861364,0.02199206530861364,0.0,,,,,,,
632,,-0.018444342717631734,-0.018444342717631734,0.0,,,,,,,
633,,0.181334401464866,0.181334401464866,0.0,,,,,,,
634,,0.23199435416189815,0.23199435416189815,0.0,,,,,,,
635,,0.11182955672541388,0.11182955672541388,0.0,,,,,,,
636,,0.1415083543144885,0.1415083543144885,0.0,,,,,,,
637,,0.059758144502937524,0.059758144502937524,0.0,,,,,,,
638,,-0.04301136797131307,-0.04301136797131307,0.0,,,,,,,
639,,-0.17011902037079418,-0.17011902037079418,0.0,,,,,,,
640,,-0.175917448691539,-0.175917448691539,0.0,,,,,,,
641,,-0.11102845807583732,-0.11102845807583732,0.0,,,,,,,
642,,-0.03892957961394679,-0.03892957961394679,0.0,,,,,,,
643,,-0.011539635309376628,-0.011539635309376628,0.0,,,,,,,
644,,0.13029297322041666,0.13029297322041666,0.0,,,,,,,
645,,0.09199282825970859,0.09199282825970859,0.0,,,,,,,
646,,0.22230487525749595,0.22230487525749595,0.0,,,,,,,
647,,0.062428473334859375,0.062428473334859375,0.0,,,,,,,
648,,0.0967612726024262,0.0967612726024262,0.0,,,,,,,
649,,0.03522926680399774,0.03522926680399774,0.0,,,,,,,
650,,-0.04903868162050814,-0.04903868162050814,0.0,,,,,,,
651,,-0.1191157396810864,-0.1191157396810864,0.0,,,,,,,
652,,-0.25144960708018604,-0.25144960708018604,0.0,,,,,,,
653,,-0.30840390630960557,-0.30840390630960557,0.0,,,,,,,
654,,-0.19506752117189294,-0.19506752117189294,0.0,,,,,,,
655,,-0.16626611734187835,-0.16626611734187835,0.0,,,,,,,
656,,-0.0078774700541695,-0.0078774700541695,0.0,,,,,,,
657,,0.04152361333638536,0.04152361333638536,0.0,,,,,,,
658,,0.15077821011673154,0.15077821011673154,0.0,,,,,,,
659,,0.19602121004043646,0.19602121004043646,0.0,,,,,,,
660,,0.19857709620813307,0.19857709620813307,0.0,,,,,,,
661,,0.11602578774700538,0.11602578774700538,0.0,,,,,,,
662,,0.11903944457160309,0.11903944457160309,0.0,,,,,,,
663,,-0.04316395819028004,-0.04316395819028004,0.0,,,,,,,
664,,-0.09298466468299385,-0.09298466468299385,0.0,,,,,,,
665,,-0.10652704661631189,-0.10652704661631189,0.0,,,,,,,
666,,-0.12754634927901112,-0.12754634927901112,0.0,,,,,,,
667,,-0.032330052643625616,-0.032330052643625616,0.0,,,,,,,
668,,-0.03049897001602205,-0.03049897001602205,0.0,,,,,,,
669,,0.031033035782406238,0.031033035782406238,0.0,,,,,,,
670,,0.15573739223315786,0.15573739223315786,0.0,,,,,,,
671,,0.16527428091859309,0.16527428091859309,0.0,,,,,,,
672,,0.10309376668955521,0.10309376668955521,0.0,,,,,,,
673,,0.07085908293278413,0.07085908293278413,0.0,,,,,,,
674,,0.022907606622415422,0.022907606622415422,0.0,,,,,,,
675,,-0.02100022888532856,-0.02100022888532856,0.0,,,,,,,
676,,-0.11945906767376206,-0.11945906767376206,0.0,,,,,,,
677,,-0.2004463263904784,-0.2004463263904784,0.0,,,,,,,
678,,-0.307755397878996,-0.307755397878996,0.0,,,,,,,
679,,-0.14681086442359048,-0.14681086442359048,0.0,,,,,,,
680,,-0.14684901197833222,-0.14684901197833222,0.0,,,,,,,
681,,-0.06486991683833081,-0.06486991683833081,0.0,,,,,,,
682,,0.06689173723964306,0.06689173723964306,0.0,,,,,,,
683,,0.172941939421683,0.172941939421683,0.0,,,,,,,
684,,0.2042610818646525,0.2042610818646525,0.0,,,,,,,
685,,0.29272526131075005,0.29272526131075005,0.0,,,,,,,
686,,0.1288433661402305,0.1288433661402305,0.0,,,,,,,
687,,0.02576867322804599,0.02576867322804599,0.0,,,,,,,
688,,0.018482490272373475,0.018482490272373475,0.0,,,,,,,
689,,-0.09393835355153737,-0.09393835355153737,0.0,,,,,,,
690,,-0.1597047379262989,-0.1597047379262989,0.0,,,,,,,
691,,-0.17702372777904948,-0.17702372777904948,0.0,,,,,,,
692,,-0.10210193026626994,-0.10210193026626994,0.0,,,,,,,
693,,0.028553444724193078,0.028553444724193078,0.0,,,,,,,
694,,0.07310978866254685,0.07310978866254685,0.0,,,,,,,
695,,0.10126268406195163,0.10126268406195163,0.0,,,,,,,
696,,0.1868276493476767,0.1868276493476767,0.0,,,,,,,
697,,0.15562294956893263,0.15562294956893263,0.0,,,,,,,
698,,0.05029755092698577,0.05029755092698577,0.0,,,,,,,
699,,0.05697337300679043,0.05697337300679043,0.0,,,,,,,
700,,-0.0378233005264363,-0.0378233005264363,0.0,,,,0.16575875486381322,99.0,,
701,,-0.07337682154573903,-0.07337682154573903,0.0,,,,,,,
702,,-0.1964408331425956,-0.1964408331425956,0.0,,,,,,,
703,,-0.25122072175173554,-0.25122072175173554,0.0,,,,,,,
704,,-0.140402075226978,-0.140402075226978,0.0,,,,,,,
705,,0.0033760585946440713,0.0033760585946440713,0.0,,,,,,,
706,,-0.033970397497520476,-0.033970397497520476,0.0,,,,,,,
707,,0.15451667048142215,0.15451667048142215,0.0,,,,,,,
708,,0.1595140001525902,0.1595140001525902,0.0,,,,,,,
709,,0.21692607003891048,0.21692607003891048,0.0,,,,,,,
710,,0.1796559090562294,0.1796559090562294,0.0,,,,,,,
711,,0.0928320744640269,0.0928320744640269,0.0,,,,,,,
712,,0.09351873044937824,0.09351873044937824,0.0,,,,,,,
713,,-0.04839017318989854,-0.04839017318989854,0.0,,,,,,,
714,,-0.0917257953765164,-0.0917257953765164,0.0,,,,,,,
715,,-0.1123254749370565,-0.1123254749370565,0.0,,,,,,,
716,,-0.18492027161058985,-0.18492027161058985,0.0,,,,,,,
717,,-0.060025177386129704,-0.060025177386129704,0.0,,,,,,,
718,,0.0031853208209353667,0.0031853208209353667,0.0,,,,,,,
719,,0.05449378194857728,0.05449378194857728,0.0,,,,,,,
720,,0.1067177843900206,0.1067177843900206,0.0,,,,,,,
721,,0.18129625391012427,0.18129625391012427,0.0,,,,,,,
722,,0.1799229419394216,0.1799229419394216,0.0,,,,,,,
723,,0.10641260395208667,0.10641260395208667,0.0,,,,,,,
724,,0.043507286182955886,0.043507286182955886,0.0,,,,,,,
725,,-0.05861371786068529,-0.05861371786068529,0.0,,,,,,,
726,,-0.21475165941863125,-0.21475165941863125,0.0,,,,,,,
727,,-0.15039673456931413,-0.15039673456931413,0.0,,,,,,,
728,,-0.16844052796215758,-0.16844052796215758,0.0,,,,,,,
729,,-0.22737850003814747,-0.22737850003814747,0.0,,,,,,,
730,,-0.019779507133592854,-0.019779507133592854,0.0,,,,,,,
731,,-0.019970244907301555,-0.019970244907301555,0.0,,,,,,,
732,,0.06387808041504554,0.06387808041504554,0.0,,,,,,,
733,,0.17244602121004038,0.17244602121004038,0.0,,,,,,,
734,,0.2478255893797206,0.2478255893797206,0.0,,,,,,,
735,,0.15394445716029603,0.15394445716029603,0.0,,,,,,,
736,,0.19071869993133428,0.19071869993133428,0.0,,,,,,,
737,,0.0707446402685589,0.0707446402685589,0.0,,,,,,,
738,,-0.0498397802700847,-0.0498397802700847,0.0,,,,,,,
739,,-0.06200885023270024,-0.06200885023270024,0.0,,,,,,,
740,,-0.13670176241702894,-0.13670176241702894,0.0,,,,,,,
741,,-0.0999275196459907,-0.0999275196459907,0.0,,,,,,,
742,,-0.04720759899290457,-0.04720759899290457,0.0,,,,,,,
743,,-0.01119630731670096,-0.01119630731670096,0.0,,,,,,,
744,,0.004367895017929335,0.004367895017929335,0.0,,,,,,,
745,,0.20639734493018996,0.20639734493018996,0.0,,,,,,,
746,,0.2313076981765468,0.2313076981765468,0.0,,,,,,,
747,,0.2205119401846341,0.2205119401846341,0.0,,,,,,,
748,,0.10732814526588844,0.10732814526588844,0.0,,,,,,,
749,,0.05239566643778152,0.05239566643778152,0.0,,,,,,,
750,,-0.044766155489433156,-0.044766155489433156,0.0,,,,,,,
751,,-0.22726405737392227,-0.22726405737392227,0.0,,,,,,,
752,,-0.22508964675364304,-0.22508964675364304,0.0,,,,,,,
753,,-0.2179560540169375,-0.2179560540169375,0.0,,,,,,,
754,,-0.2242504005493247,-0.2242504005493247,0.0,,,,,,,
755,,-0.10370412756542306,-0.10370412756542306,0.0,,,,,,,
756,,0.010891126878767032,0.010891126878767032,0.0,,,,,,,
757,,0.07345311665522251,0.07345311665522251,0.0,,,,,,,
758,,0.10645075150682841,0.10645075150682841,0.0,,,,,,,
759,,0.26506828412298755,0.26506828412298755,0.0,,,,,,,
760,,0.2342069123369191,0.2342069123369191,0.0,,,,,,,
761,,0.153067063401236,0.153067063401236,0.0,,,,,,,
762,,0.09473945220111395,0.09473945220111395,0.0,,,,,,,
763,,-0.07864118410009927,-0.07864118410009927,0.0,,,,,,,
764,,-0.0762378881513696,-0.0762378881513696,0.0,,,,,,,
765,,-0.1242656595712214,-0.1242656595712214,0.0,,,,,,,
766,,-0.04449912260624096,-0.04449912260624096,0.0,,,,,,,
767,,-0.055180437933928426,-0.055180437933928426,0.0,,,,,,,
768,,-0.027332722972457556,-0.027332722972457556,0.0,,,,,,,
769,,0.11602578774700538,0.11602578774700538,0.0,,,,,,,
770,,0.141432059205005,0.141432059205005,0.0,,,,,,,
771,,0.12338826581216156,0.12338826581216156,0.0,,,,,,,
772,,0.12396047913328767,0.12396047913328767,0.0,,,,,,,
773,,0.19056610971236732,0.19056610971236732,0.0,,,,,,,
774,,-0.00909819180590521,-0.00909819180590521,0.0,,,,,,,
775,,-0.09565499351491573,-0.09565499351491573,0.0,,,,,,,
776,,-0.1610017547875181,-0.1610017547875181,0.0,,,,,,,
777,,-0.23737315938048362,-0.23737315938048362,0.0,,,,,,,
778,,-0.2108987563897154,-0.2108987563897154,0.0,,,,,,,
779,,-0.16851682307164106,-0.16851682307164106,0.0,,,,,,,
780,,-0.09290836957351038,-0.09290836957351038,0.0,,,,,,,
781,,-0.08852140077821016,-0.08852140077821016,0.0,,,,,,,
782,,0.032139314869916724,0.032139314869916724,0.0,,,,,,,
783,,0.09725719081406885,0.09725719081406885,0.0,,,,,,,
784,,0.231574731059739,0.231574731059739,0.0,,,,,,,
785,,0.1957160296025025,0.1957160296025025,0.0,,,,,,,
786,,0.03957808804455658,0.03957808804455658,0.0,,,,,,,
787,,0.07433051041428256,0.07433051041428256,0.0,,,,,,,
788,,0.009784847791256546,0.009784847791256546,0.0,,,,,,,
789,,-0.11167696650644691,-0.11167696650644691,0.0,,,,,,,
790,,-0.14097428854810412,-0.14097428854810412,0.0,,,,,,,
791,,-0.09752422369726103,-0.09752422369726103,0.0,,,,,,,
792,,-0.1911383230334936,-0.1911383230334936,0.0,,,,,,,
793,,-0.026951247425040143,-0.026951247425040143,0.0,,,,,,,
794,,0.07700083924620442,0.07700083924620442,0.0,,,,,,,
795,,0.17999923704890508,0.17999923704890508,0.0,,,,,,,
796,,0.14585717555504696,0.14585717555504696,0.0,,,,,,,
797,,0.07356755931944772,0.07356755931944772,0.0,,,,,,,
798,,0.11121919584954602,0.11121919584954602,0.0,,,,,,,
799,,-0.026150148775463587,-0.026150148775463587,0.0,,,,,,,
800,,-0.07711528191042963,-0.07711528191042963,0.0,,,,0.15678644998855573,79.0,,
801,,-0.10984588387884334,-0.10984588387884334,0.0,,,,,,,
802,,-0.23802166781109318,-0.23802166781109318,0.0,,,,,,,
803,,-0.15024414435034716,-0.15024414435034716,0.0,,,,,,,
804,,-0.14612420843823914,-0.14612420843823914,0.0,,,,,,,
805,,-0.0854695963988709,-0.0854695963988709,0.0,,,,,,,
806,,-0.005359731441214599,-0.005359731441214599,0.0,,,,,,,
807,,0.055561913481346016,0.055561913481346016,0.0,,,,,,,
808,,0.16535057602807657,0.16535057602807657,0.0,,,,,,,
809,,0.19243533989471262,0.19243533989471262,0.0,,,,,,,
810,,0.14330128938735032,0.14330128938735032,0.0,,,,,,,
811,,0.11419470511940182,0.11419470511940182,0.0,,,,,,,
812,,0.130979629205768,0.130979629205768,0.0,,,,,,,
813,,-0.044651712825207926,-0.044651712825207926,0.0,,,,,,,
814,,-0.07101167315175108,-0.07101167315175108,0.0,,,,,,,
815,,-0.1404783703364615,-0.1404783703364615,0.0,,,,,,,
816,,-0.11751354238193328,-0.11751354238193328,0.0,,,,,,,
817,,-0.08005264362554369,-0.08005264362554369,0.0,,,,,,,
818,,-0.08093003738460372,-0.08093003738460372,0.0,,,,,,,
819,,0.06193255512321675,0.06193255512321675,0.0,,,,,,,
820,,0.10023270008392464,0.10023270008392464,0.0,,,,,,,
821,,0.17290379186694127,0.17290379186694127,0.0,,,,,,,
822,,0.10904478522926679,0.10904478522926679,0.0,,,,,,,
823,,0.1372358281834135,0.1372358281834135,0.0,,,,,,,
824,,-0.0004768444342717615,-0.0004768444342717615,0.0,,,,,,,
825,,-0.12170977340352478,-0.12170977340352478,0.0,,,,,,,
826,,-0.11301213092240783,-0.11301213092240783,0.0,,,,,,,
827,,-0.2507629510948347,-0.2507629510948347,0.0,,,,,,,
828,,-0.15993362325474936,-0.15993362325474936,0.0,,,,,,,
829,,-0.1299114976729991,-0.1299114976729991,0.0,,,,,,,
830,,-0.12579156176089104,-0.12579156176089104,0.0,,,,,,,
831,,0.031338216220340165,0.031338216220340165,0.0,,,,,,,
832,,0.029774166475928787,0.029774166475928787,0.0,,,,,,,
833,,0.1956778820477608,0.1956778820477608,0.0,,,,,,,
834,,0.19491493095292578,0.19491493095292578,0.0,,,,,,,
835,,0.20716029602502478,0.20716029602502478,0.0,,,,,,,
836,,0.13242923628595415,0.13242923628595415,0.0,,,,,,,
837,,0.08157854581521332,0.08157854581521332,0.0,,,,,,,
838,,0.017605096513313434,0.017605096513313434,0.0,,,,,,,
839,,-0.12289234760051874,-0.12289234760051874,0.0,,,,,,,
840,,-0.14211871519035635,-0.14211871519035635,0.0,,,,,,,
841,,-0.08432516975661868,-0.08432516975661868,0.0,,,,,,,
842,,-0.03122377355611513,-0.03122377355611513,0.0,,,,,,,
843,,-0.013828488593881083,-0.013828488593881083,0.0,,,,,,,
844,,0.07181277180132765,0.07181277180132765,0.0,,,,,,,
845,,0.1973563744563974,0.1973563744563974,0.0,,,,,,,
846,,0.08627069504844745,0.08627069504844745,0.0,,,,,,,
847,,0.045986877241169045,0.045986877241169045,0.0,,,,,,,
848,,0.1328488593881133,0.1328488593881133,0.0,,,,,,,
849,,0.04331654840924718,0.04331654840924718,0.0,,,,,,,
850,,-0.043965056839856596,-0.043965056839856596,0.0,,,,,,,
851,,-0.2281414511329823,-0.2281414511329823,0.0,,,,,,,
852,,-0.20128557259479668,-0.20128557259479668,0.0,,,,,,,
853,,-0.22650110627908743,-0.22650110627908743,0.0,,,,,,,
854,,-0.1893453879606318,-0.1893453879606318,0.0,,,,,,,
855,,-0.08924620431830325,-0.08924620431830325,0.0,,,,,,,
856,,0.02824826428625915,0.02824826428625915,0.0,,,,,,,
857,,0.18537804226749055,0.18537804226749055,0.0,,,,,,,
858,,0.0811970702677959,0.0811970702677959,0.0,,,,,,,
859,,0.15295262073701077,0.15295262073701077,0.0,,,,,,,
860,,0.13643472953383695,0.13643472953383695,0.0,,,,,,,
861,,0.20201037613488979,0.20201037613488979,0.0,,,,,,,
862,,0.03946364538033135,0.03946364538033135,0.0,,,,,,,
863,,-0.004596780346379781,-0.004596780346379781,0.0,,,,,,,
864,,-0.0676546883344779,-0.0676546883344779,0.0,,,,,,,
865,,-0.21925307087815668,-0.21925307087815668,0.0,,,,,,,
866,,-0.08226520180056467,-0.08226520180056467,0.0,,,,,,,
867,,-0.05388342107270923,-0.05388342107270923,0.0,,,,,,,
868,,-0.043125810635538296,-0.043125810635538296,0.0,,,,,,,
869,,0.03141451132982365,0.03141451132982365,0.0,,,,,,,
870,,0.09725719081406885,0.09725719081406885,0.0,,,,,,,
871,,0.16096360723277636,0.16096360723277636,0.0,,,,,,,
872,,0.146734569314107,0.146734569314107,0.0,,,,,,,
873,,0.12117570763714058,0.12117570763714058,0.0,,,,,,,
874,,-0.03099488822766468,-0.03099488822766468,0.0,,,,,,,
875,,-0.10503929198138398,-0.10503929198138398,0.0,,,,,,,
876,,-0.1469253070878157,-0.1469253070878157,0.0,,,,,,,
877,,-0.19136720836194407,-0.19136720836194407,0.0,,,,,,,
878,,-0.23191805905241467,-0.23191805905241467,0.0,,,,,,,
879,,-0.11247806515602347,-0.11247806515602347,0.0,,,,,,,
880,,-0.07703898680094615,-0.07703898680094615,0.0,,,,,,,
881,,0.036373693446249966,0.036373693446249966,0.0,,,,,,,
882,,0.11926832990005354,0.11926832990005354,0.0,,,,,,,
883,,0.23870832379644455,0.23870832379644455,0.0,,,,,,,
884,,0.19029907682917513,0.19029907682917513,0.0,,,,,,,
885,,0.18873502708476375,0.18873502708476375,0.0,,,,,,,
886,,0.17362859540703435,0.17362859540703435,0.0,,,,,,,
887,,0.08684290836957358,0.08684290836957358,0.0,,,,,,,
888,,-0.07654306858930353,-0.07654306858930353,0.0,,,,,,,
889,,-0.11083772030212861,-0.11083772030212861,0.0,,,,,,,
890,,-0.11251621271076521,-0.11251621271076521,0.0,,,,,,,
891,,-0.11869611657892723,-0.11869611657892723,0.0,,,,,,,
892,,-0.10553521019302663,-0.10553521019302663,0.0,,,,,,,
893,,-0.06277180132753504,-0.06277180132753504,0.0,,,,,,,
894,,0.04579613946746034,0.04579613946746034,0.0,,,,,,,
895,,0.15207522697795073,0.15207522697795073,0.0,,,,,,,
896,,0.1881246662088959,0.1881246662088959,0.0,,,,,,,
897,,0.14166094453345546,0.14166094453345546,0.0,,,,,,,
898,,0.07387273975738165,0.07387273975738165,0.0,,,,,,,
899,,0.019016556038757848,0.019016556038757848,0.0,,,,,,,
900,,-0.12174792095826652,-0.12174792095826652,0.0,,,,0.15587090867475395,78.0,,
901,,-0.09111543450064855,-0.09111543450064855,0.0,,,,,,,
902,,-0.14417868314641036,-0.14417868314641036,0.0,,,,,,,
903,,-0.1934653238727398,-0.1934653238727398,0.0,,,,,,,
904,,-0.13830395971618226,-0.13830395971618226,0.0,,,,,,,
905,,-0.02847714961470978,-0.02847714961470978,0.0,,,,,,,
906,,0.0018883039597161755,0.0018883039597161755,0.0,,,,,,,
907,,0.09439612420843828,0.09439612420843828,0.0,,,,,,,
908,,0.1927786678873883,0.1927786678873883,0.0,,,,,,,
909,,0.1658464942397192,0.1658464942397192,0.0,,,,,,,
910,,0.19625009536888688,0.19625009536888688,0.0,,,,,,,
911,,0.09157320515754945,0.09157320515754945,0.0,,,,,,,
912,,0.08577477683680483,0.08577477683680483,0.0,,,,,,,
913,,-0.058461127641718146,-0.058461127641718146,0.0,,,,,,,
914,,-0.09161135271229119,-0.09161135271229119,0.0,,,,,,,
915,,-0.12445639734493012,-0.12445639734493012,0.0,,,,,,,
916,,-0.17988479438468005,-0.17988479438468005,0.0,,,,,,,
917,,-0.10099565117875946,-0.10099565117875946,0.0,,,,,,,
918,,0.001125352864881357,0.001125352864881357,0.0,,,,,,,
919,,0.054722667277027716,0.054722667277027716,0.0,,,,,,,
920,,0.10111009384298468,0.10111009384298468,0.0,,,,,,,
921,,0.13654917219806217,0.13654917219806217,0.0,,,,,,,
922,,0.13467994201571687,0.13467994201571687,0.0,,,,,,,
923,,0.10954070344090941,0.10954070344090941,0.0,,,,,,,
924,,0.022259098191805826,0.022259098191805826,0.0,,,,,,,
925,,-0.010967421988250514,-0.010967421988250514,0.0,,,,,,,
926,,-0.12373159380483703,-0.12373159380483703,0.0,,,,,,,
927,,-0.20384145876249335,-0.20384145876249335,0.0,,,,,,,
928,,-0.2804036011291675,-0.2804036011291675,0.0,,,,,,,
929,,-0.17229343099107342,-0.17229343099107342,0.0,,,,,,,
930,,-0.08146410315098811,-0.08146410315098811,0.0,,,,,,,
931,,-0.022144655527580787,-0.022144655527580787,0.0,,,,,,,
932,,0.14177538719768068,0.14177538719768068,0.0,,,,,,,
933,,0.2145227740901808,0.2145227740901808,0.0,,,,,,,
934,,0.22711146715495528,0.22711146715495528,0.0,,,,,,,
935,,0.16783016708628973,0.16783016708628973,0.0,,,,,,,
936,,0.2154383154039826,0.2154383154039826,0.0,,,,,,,
937,,0.08787289234760057,0.08787289234760057,0.0,,,,,,,
938,,-0.08627069504844745,-0.08627069504844745,0.0,,,,,,,
939,,-0.028744182497901966,-0.028744182497901966,0.0,,,,,,,
940,,-0.17381933318074305,-0.17381933318074305,0.0,,,,,,,
941,,-0.16725795376516361,-0.16725795376516361,0.0,,,,,,,
942,,-0.0384718089570459,-0.0384718089570459,0.0,,,,,,,
943,,0.04873350118257439,0.04873350118257439,0.0,,,,,,,
944,,0.06921873807888927,0.06921873807888927,0.0,,,,,,,
945,,0.1622224765392538,0.1622224765392538,0.0,,,,,,,
946,,0.19510566872663448,0.19510566872663448,0.0,,,,,,,
947,,0.08100633249408722,0.08100633249408722,0.0,,,,,,,
948,,0.10530632486457618,0.10530632486457618,0.0,,,,,,,
949,,0.041142137788967956,0.041142137788967956,0.0,,,,,,,
950,,-0.11331731136034176,-0.11331731136034176,0.0,,,,,,,
951,,-0.12594415197985803,-0.12594415197985803,0.0,,,,,,,
952,,-0.22074082551308458,-0.22074082551308458,0.0,,,,,,,
953,,-0.2010185397116045,-0.2010185397116045,0.0,,,,,,,
954,,-0.17782482642862604,-0.17782482642862604,0.0,,,,,,,
955,,-0.04163805600061039,-0.04163805600061039,0.0,,,,,,,
956,,-0.0023460746166170665,-0.0023460746166170665,0.0,,,,,,,
957,,0.07574196993972697,0.07574196993972697,0.0,,,,,,,
958,,0.09382391088731216,0.09382391088731216,0.0,,,,,,,
959,,0.16710536354619665,0.16710536354619665,0.0,,,,,,,
960,,0.26029983978026994,0.26029983978026994,0.0,,,,,,,
961,,0.15775921263447013,0.15775921263447013,0.0,,,,,,,
962,,0.10637445639734491,0.10637445639734491,0.0,,,,,,,
963,,0.02206836041809712,0.02206836041809712,0.0,,,,,,,
964,,-0.1359006637674524,-0.1359006637674524,0.0,,,,,,,
965,,-0.13857099259937444,-0.13857099259937444,0.0,,,,,,,
966,,-0.1362821393148698,-0.1362821393148698,0.0,,,,,,,
967,,-0.0464827954528115,-0.0464827954528115,0.0,,,,,,,
968,,-0.060025177386129704,-0.060025177386129704,0.0,,,,,,,
969,,0.026379034103913845,0.026379034103913845,0.0,,,,,,,
970,,0.0831425955596247,0.0831425955596247,0.0,,,,,,,
971,,0.10145342183566035,0.10145342183566035,0.0,,,,,,,
972,,0.12319752803845285,0.12319752803845285,0.0,,,,,,,
973,,0.08958953231097892,0.08958953231097892,0.0,,,,,,,
974,,-0.0210383764400703,-0.0210383764400703,0.0,,,,,,,
975,,-0.10301747158007173,-0.10301747158007173,0.0,,,,,,,
976,,-0.14032578011749453,-0.14032578011749453,0.0,,,,,,,
977,,-0.12594415197985803,-0.12594415197985803,0.0,,,,,,,
978,,-0.19182497901884493,-0.19182497901884493,0.0,,,,,,,
979,,-0.20689326314183262,-0.20689326314183262,0.0,,,,,,,
980,,-0.07158388647287721,-0.07158388647287721,0.0,,,,,,,
981,,0.04190508888380277,0.04190508888380277,0.0,,,,,,,
982,,0.10816739147020675,0.10816739147020675,0.0,,,,,,,
983,,0.17389562829022653,0.17389562829022653,0.0,,,,,,,
984,,0.17710002288853277,0.17710002288853277,0.0,,,,,,,
985,,0.1893453879606316,0.1893453879606316,0.0,,,,,,,
986,,0.08710994125276576,0.08710994125276576,0.0,,,,,,,
987,,0.07280460822461292,0.07280460822461292,0.0,,,,,,,
988,,0.02824826428625915,0.02824826428625915,0.0,,,,,,,
989,,-0.08112077515831244,-0.08112077515831244,0.0,,,,,,,
990,,-0.0772678721293966,-0.0772678721293966,0.0,,,,,,,
991,,-0.1009575036240177,-0.1009575036240177,0.0,,,,,,,
992,,-0.08642328526741443,-0.08642328526741443,0.0,,,,,,,
993,,-0.07677195391775396,-0.07677195391775396,0.0,,,,,,,
994,,0.08916990920881976,0.08916990920881976,0.0,,,,,,,
995,,0.123617151140612,0.123617151140612,0.0,,,,,,,
996,,0.0722323949034868,0.0722323949034868,0.0,,,,,,,
997,,0.20792324711985963,0.20792324711985963,0.0,,,,,,,
998,,0.1496337834744793,0.1496337834744793,0.0,,,,,,,
999,,0.08630884260318919,0.08630884260318919,0.0,,,,,,,
1000,,0.008068207827878204,0.008068207827878204,0.0,,,,0.14653238727397574,64.0,,
1001,,-0.13403143358510708,-0.13403143358510708,0.0,,,,,,,
1002,,-0.1710727092393377,-0.1710727092393377,0.0,,,,,,,
1003,,-0.2155527580682078,-0.2155527580682078,0.0,,,,,,,
1004,,-0.11312657358663307,-0.11312657358663307,0.0,,,,,,,
1005,,-0.09748607614251929,-0.09748607614251929,0.0,,,,,,,
1006,,0.08031967650873588,0.08031967650873588,0.0,,,,,,,
1007,,0.056782635233081726,0.056782635233081726,0.0,,,,,,,
1008,,0.18228809033340954,0.18228809033340954,0.0,,,,,,,
1009,,0.23760204470893403,0.23760204470893403,0.0,,,,,,,
1010,,0.17931258106355374,0.17931258106355374,0.0,,,,,,,
1011,,0.11148622873273821,0.11148622873273821,0.0,,,,,,,
1012,,0.005359731441214599,0.005359731441214599,0.0,,,,,,,
1013,,0.021267261768520562,0.021267261768520562,0.0,,,,,,,
1014,,-0.050373846036469064,-0.050373846036469064,0.0,,,,,,,
1015,,-0.058461127641718146,-0.058461127641718146,0.0,,,,,,,
1016,,-0.13662546730754546,-0.13662546730754546,0.0,,,,,,,
1017,,-0.011005569542992255,-0.011005569542992255,0.0,,,,,,,
1018,,0.012569619287403633,0.012569619287403633,0.0,,,,,,,
1019,,0.09496833752956439,0.09496833752956439,0.0,,,,,,,
1020,,0.14433127336537732,0.14433127336537732,0.0,,,,,,,
1021,,0.14051651789120323,0.14051651789120323,0.0,,,,,,,
1022,,0.14417868314641036,0.14417868314641036,0.0,,,,,,,
1023,,0.1504730296787976,0.1504730296787976,0.0,,,,,,,
1024,,0.02405203326466765,0.02405203326466765,0.0,,,,,,,
1025,,-0.04839017318989854,-0.04839017318989854,0.0,,,,,,,
1026,,-0.12735561150530242,-0.12735561150530242,0.0,,,,,,,
1027,,-0.16756313420309754,-0.16756313420309754,0.0,,,,,,,
1028,,-0.14600976577401392,-0.14600976577401392,0.0,,,,,,,
1029,,-0.19472419317921727,-0.19472419317921727,0.0,,,,,,,
1030,,-0.0856603341725796,-0.0856603341725796,0.0,,,,,,,
1031,,-0.032711528191043025,-0.032711528191043025,0.0,,,,,,,
1032,,0.07410162508583211,0.07410162508583211,0.0,,,,,,,
1033,,0.11888685435263613,0.11888685435263613,0.0,,,,,,,
1034,,0.1165980010681315,0.1165980010681315,0.0,,,,,,,
1035,,0.15512703135729,0.15512703135729,0.0,,,,,,,
1036,,0.07085908293278413,0.07085908293278413,0.0,,,,,,,
1037,,0.11720836194399953,0.11720836194399953,0.0,,,,,,,
1038,,-0.0695239185168232,-0.0695239185168232,0.0,,,,,,,
1039,,-0.09939345387960634,-0.09939345387960634,0.0,,,,,,,
1040,,-0.1005760280766003,-0.1005760280766003,0.0,,,,,,,
1041,,-0.12365529869535355,-0.12365529869535355,0.0,,,,,,,
1042,,-0.016269932097352502,-0.016269932097352502,0.0,,,,,,,
1043,,-0.012607766842145374,-0.012607766842145374,0.0,,,,,,,
1044,,0.003070878156710144,0.003070878156710144,0.0,,,,,,,
1045,,0.16069657434958418,0.16069657434958418,0.0,,,,,,,
1046,,0.13399328603036553,0.13399328603036553,0.0,,,,,,,
1047,,0.25766765850308976,0.25766765850308976,0.0,,,,,,,
1048,,0.05579079880979647,0.05579079880979647,0.0,,,,,,,
1049,,-0.0032997634851605895,-0.0032997634851605895,0.0,,,,,,,
1050,,-0.06746395056076919,-0.06746395056076919,0.0,,,,,,,
1051,,-0.1909475852597849,-0.1909475852597849,0.0,,,,,,,
1052,,-0.1673342488746471,-0.1673342488746471,0.0,,,,,,,
1053,,-0.14623865110246437,-0.14623865110246437,0.0,,,,,,,
1054,,-0.10061417563134203,-0.10061417563134203,0.0,,,,,,,
1055,,-0.0794041351949341,-0.0794041351949341,0.0,,,,,,,
1056,,-0.012912947280079301,-0.012912947280079301,0.0,,,,,,,
1057,,0.13532845044632646,0.13532845044632646,0.0,,,,,,,
1058,,0.20086594949263756,0.20086594949263756,0.0,,,,,,,
1059,,0.17751964599069192,0.17751964599069192,0.0,,,,,,,
1060,,0.15821698329137102,0.15821698329137102,0.0,,,,,,,
1061,,0.1016823071641108,0.1016823071641108,0.0,,,,,,,
1062,,0.07150759136339373,0.07150759136339373,0.0,,,,,,,
1063,,-0.01657511253528643,-0.01657511253528643,0.0,,,,,,,
1064,,-0.04964904249637599,-0.04964904249637599,0.0,,,,,,,
1065,,-0.07555123216601826,-0.07555123216601826,0.0,,,,,,,
1066,,-0.1654650186923018,-0.1654650186923018,0.0,,,,,,,
1067,,-0.06857022964827968,-0.06857022964827968,0.0,,,,,,,
1068,,-0.01325627527275497,-0.01325627527275497,0.0,,,,,,,
1069,,0.023365377279316313,0.023365377279316313,0.0,,,,,,,
1070,,0.10065232318608378,0.10065232318608378,0.0,,,,,,,
1071,,0.17938887617303723,0.17938887617303723,0.0,,,,,,,
1072,,0.11827649347676827,0.11827649347676827,0.0,,,,,,,
1073,,0.073529411764706,0.073529411764706,0.0,,,,,,,
1074,,-0.007419699397268609,-0.007419699397268609,0.0,,,,,,,
1075,,-0.05987258716716274,-0.05987258716716274,0.0,,,,,,,
1076,,-0.16233691920347904,-0.16233691920347904,0.0,,,,,,,
1077,,-0.1648165102616922,-0.1648165102616922,0.0,,,,,,,
1078,,-0.23676279850461576,-0.23676279850461576,0.0,,,,,,,
1079,,-0.17923628595407046,-0.17923628595407046,0.0,,,,,,,
1080,,-0.06395437552452903,-0.06395437552452903,0.0,,,,,,,
1081,,0.06578545815213259,0.06578545815213259,0.0,,,,,,,
1082,,0.08226520180056467,0.08226520180056467,0.0,,,,,,,
1083,,0.17816815442130152,0.17816815442130152,0.0,,,,,,,
1084,,0.2387464713511863,0.2387464713511863,0.0,,,,,,,
1085,,0.19476234073395882,0.19476234073395882,0.0,,,,,,,
1086,,0.17427710383764394,0.17427710383764394,0.0,,,,,,,
1087,,0.10965514610513465,0.10965514610513465,0.0,,,,,,,
1088,,-0.0334363317311361,-0.0334363317311361,0.0,,,,,,,
1089,,-0.10793850614175629,-0.10793850614175629,0.0,,,,,,,
1090,,-0.07608529793240262,-0.07608529793240262,0.0,,,,,,,
1091,,-0.12670710307469285,-0.12670710307469285,0.0,,,,,,,
1092,,-0.05582894636453802,-0.05582894636453802,0.0,,,,,,,
1093,,0.007000076295109459,0.007000076295109459,0.0,,,,,,,
1094,,0.03400854505226203,0.03400854505226203,0.0,,,,,,,
1095,,0.0794041351949341,0.0794041351949341,0.0,,,,,,,
1096,,0.11449988555733574,0.11449988555733574,0.0,,,,,,,
1097,,0.18801022354467067,0.18801022354467067,0.0,,,,,,,
1098,,0.01035706111238266,0.01035706111238266,0.0,,,,,,,
1099,,0.061398489356832384,0.061398489356832384,0.0,,,,,,,
1100,,-0.05521858548867017,-0.05521858548867017,0.0,,,,0.14103913939116502,74.0,,
1101,,-0.15520332646677348,-0.15520332646677348,0.0,,,,,,,
1102,,-0.16283283741512167,-0.16283283741512167,0.0,,,,,,,
1103,,-0.19007019150072488,-0.19007019150072488,0.0,,,,,,,
1104,,-0.19396124208438245,-0.19396124208438245,0.0,,,,,,,
1105,,-0.09958419165331504,-0.09958419165331504,0.0,,,,,,,
1106,,-0.009670405127031323,-0.009670405127031323,0.0,,,,,,,
1107,,0.08329518577859167,0.08329518577859167,0.0,,,,,,,
1108,,0.13147554741741063,0.13147554741741063,0.0,,,,,,,
1109,,0.1517700465400168,0.1517700465400168,0.0,,,,,,,
1110,,0.056363012130922575,0.056363012130922575,0.0,,,,,,,
1111,,0.07043945983062497,0.07043945983062497,0.0,,,,,,,
1112,,0.048046845197223055,0.048046845197223055,0.0,,,,,,,
1113,,-0.021839475089646863,-0.021839475089646863,0.0,,,,,,,
1114,,-0.13979171435111015,-0.13979171435111015,0.0,,,,,,,
1115,,-0.16401541161211564,-0.16401541161211564,0.0,,,,,,,
1116,,-0.17523079270618747,-0.17523079270618747,0.0,,,,,,,
1117,,-0.14623865110246437,-0.14623865110246437,0.0,,,,,,,
1118,,-0.009746700236514805,-0.009746700236514805,0.0,,,,,,,
1119,,0.07639047837033656,0.07639047837033656,0.0,,,,,,,
1120,,0.1016823071641108,0.1016823071641108,0.0,,,,,,,
1121,,0.14993896391241324,0.14993896391241324,0.0,,,,,,,
1122,,0.18720912489509411,0.18720912489509411,0.0,,,,,,,
1123,,0.047360189211871725,0.047360189211871725,0.0,,,,,,,
1124,,0.021839475089646676,0.021839475089646676,0.0,,,,,,,
1125,,-0.0627336537727933,-0.0627336537727933,0.0,,,,,,,
1126,,-0.09496833752956439,-0.09496833752956439,0.0,,,,,,,
1127,,-0.23523689631494613,-0.23523689631494613,0.0,,,,,,,
1128,,-0.25595101853971164,-0.25595101853971164,0.0,,,,,,,
1129,,-0.14856565194171056,-0.14856565194171056,0.0,,,,,,,
1130,,-0.12754634927901112,-0.12754634927901112,0.0,,,,,,,
1131,,-0.009746700236514805,-0.009746700236514805,0.0,,,,,,,
1132,,0.08733882658121621,0.08733882658121621,0.0,,,,,,,
1133,,0.146734569314107,0.146734569314107,0.0,,,,,,,
1134,,0.19632639047837036,0.19632639047837036,0.0,,,,,,,
1135,,0.16412985427634086,0.16412985427634086,0.0,,,,,,,
1136,,0.1146524757763027,0.1146524757763027,0.0,,,,,,,
1137,,-0.010585946440833105,-0.010585946440833105,0.0,,,,,,,
1138,,0.01695658808270384,0.01695658808270384,0.0,,,,,,,
1139,,-0.12823300526436246,-0.12823300526436246,0.0,,,,,,,
1140,,-0.11205844205386431,-0.11205844205386431,0.0,,,,,,,
1141,,-0.053006027313649194,-0.053006027313649194,0.0,,,,,,,
1142,,-0.13239108873121222,-0.13239108873121222,0.0,,,,,,,
1143,,0.01867322804608218,0.01867322804608218,0.0,,,,,,,
1144,,0.025082017242694654,0.025082017242694654,0.0,,,,,,,
1145,,0.10511558709086748,0.10511558709086748,0.0,,,,,,,
1146,,0.07135500114442675,0.07135500114442675,0.0,,,,,,,
1147,,0.046902418554970834,0.046902418554970834,0.0,,,,,,,
1148,,0.1003852903028916,0.1003852903028916,0.0,,,,,,,
1149,,0.09370946822308694,0.09370946822308694,0.0,,,,,,,
1150,,-0.036488136110475376,-0.036488136110475376,0.0,,,,,,,
1151,,-0.13612954909590283,-0.13612954909590283,0.0,,,,,,,
1152,,-0.17893110551613653,-0.17893110551613653,0.0,,,,,,,
1153,,-0.12701228351262675,-0.12701228351262675,0.0,,,,,,,
1154,,-0.09840161745632106,-0.09840161745632106,0.0,,,,,,,
1155,,-0.11770428015564198,-0.11770428015564198,0.0,,,,,,,
1156,,-0.0490005340657664,-0.0490005340657664,0.0,,,,,,,
1157,,0.14662012664988178,0.14662012664988178,0.0,,,,,,,
1158,,0.12537193865873208,0.12537193865873208,0.0,,,,,,,
1159,,0.1983863584344244,0.1983863584344244,0.0,,,,,,,
1160,,0.21379797055008773,0.21379797055008773,0.0,,,,,,,
1161,,0.0943198290989548,0.0943198290989548,0.0,,,,,,,
1162,,0.03938735027084787,0.03938735027084787,0.0,,,,,,,
1163,,-0.06719691767757699,-0.06719691767757699,0.0,,,,,,,
1164,,-0.027790493629358443,-0.027790493629358443,0.0,,,,,,,
1165,,-0.11297398336766609,-0.11297398336766609,0.0,,,,,,,
1166,,-0.07486457618066691,-0.07486457618066691,0.0,,,,,,,
1167,,-0.12838559548332942,-0.12838559548332942,0.0,,,,,,,
1168,,0.0056267643244067855,0.0056267643244067855,0.0,,,,,,,
1169,,0.007801174944686019,0.007801174944686019,0.0,,,,,,,
1170,,0.08550774395361264,0.08550774395361264,0.0,,,,,,,
1171,,0.06998168917372409,0.06998168917372409,0.0,,,,,,,
1172,,0.10542076752880139,0.10542076752880139,0.0,,,,,,,
1173,,0.10122453650720989,0.10122453650720989,0.0,,,,,,,
1174,,-0.0009727626459143934,-0.0009727626459143934,0.0,,,,,,,
1175,,-0.07516975661860084,-0.07516975661860084,0.0,,,,,,,
1176,,-0.11118104829480428,-0.11118104829480428,0.0,,,,,,,
1177,,-0.18316548409246974,-0.18316548409246974,0.0,,,,,,,
1178,,-0.15787365529869535,-0.15787365529869535,0.0,,,,,,,
1179,,-0.14055466544594497,-0.14055466544594497,0.0,,,,,,,
1180,,-0.04629205767910279,-0.04629205767910279,0.0,,,,,,,
1181,,-0.013904783703364565,-0.013904783703364565,0.0,,,,,,,
1182,,0.08825436789501798,0.08825436789501798,0.0,,,,,,,
1183,,0.15058747234302283,0.15058747234302283,0.0,,,,,,,
1184,,0.23062104219119547,0.23062104219119547,0.0,,,,,,,
1185,,0.17710002288853277,0.17710002288853277,0.0,,,,,,,
1186,,0.07536049439230956,0.07536049439230956,0.0,,,,,,,
1187,,0.003070878156710144,0.003070878156710144,0.0,,,,,,,
1188,,-0.025196459906920064,-0.025196459906920064,0.0,,,,,,,
1189,,-0.0995460440985733,-0.0995460440985733,0.0,,,,,,,
1190,,-0.15081635767147328,-0.15081635767147328,0.0,,,,,,,
1191,,-0.1387235828183414,-0.1387235828183414,0.0,,,,,,,
1192,,-0.05403601129167619,-0.05403601129167619,0.0,,,,,,,
1193,,-0.09462500953688872,-0.09462500953688872,0.0,,,,,,,
1194,,0.049687190051117915,0.049687190051117915,0.0,,,,,,,
1195,,0.08470664530403607,0.08470664530403607,0.0,,,,,,,
1196,,0.18499656672007314,0.18499656672007314,0.0,,,,,,,
1197,,0.05727855344472436,0.05727855344472436,0.0,,,,,,,
1198,,0.10423819333180744,0.10423819333180744,0.0,,,,,,,
1199,,0.017681391622796916,0.017681391622796916,0.0,,,,,,,
